{
    "0": {
        "scene": "bg plain",
        "enemies": [
            {
                "name": "Boy",
                "image": "boy",
                "health": 5,
                "actions": [
                    {
                        "say": "{name} is thinking..."
                    },
                    {
                        "say": "{name} deals 1 damage.",
                        "attack": 1
                    },
                    {
                        "say": "{name} heals 1 health.",
                        "heal": 1
                    }
                ]
            },
            {
                "name": "Girl",
                "image": "girl",
                "health": 5,
                "attack_min": 1,
                "attack_max": 2,
                "heal_min": 1,
                "heal_max": 2
            }
        ]
    },

    "1": {
        "scene": "bg plain",
        "enemies": [
            {
                "name": "Guy",
                "image": "boy",
                "health": 10,
                "attack_min": 2,
                "attack_max": 4,
                "heal_min": 1,
                "heal_max": 2
            }
        ]
    }
}
